{
    "success": true,
    "timestamp": 1691655424,
    "source": "EUR",
    "quotes": {
        "EURAED": 4.045995,
        "EURAFN": 93.292308,
        "EURALL": 103.733033,
        "EURAMD": 425.822045,
        "EURANG": 1.986126,
        "EURAOA": 908.660882,
        "EURARS": 314.133421,
        "EURAUD": 1.681158,
        "EURAWG": 1.985537,
        "EURAZN": 1.874536,
        "EURBAM": 1.963279,
        "EURBBD": 2.22507,
        "EURBDT": 120.599388,
        "EURBGN": 1.958372,
        "EURBHD": 0.415236,
        "EURBIF": 3122.661834,
        "EURBMD": 1.101546,
        "EURBND": 1.482818,
        "EURBOB": 7.614003,
        "EURBRL": 5.400329,
        "EURBSD": 1.101993,
        "EURBTC": 3.7360416e-05,
        "EURBTN": 91.287307,
        "EURBWP": 14.912512,
        "EURBYN": 2.781094,
        "EURBYR": 21590.301989,
        "EURBZD": 2.221345,
        "EURCAD": 1.476936,
        "EURCDF": 2687.772653,
        "EURCHF": 0.962074,
        "EURCLF": 0.034407,
        "EURCLP": 949.389753,
        "EURCNY": 7.940495,
        "EURCOP": 4465.359132,
        "EURCRC": 593.568798,
        "EURCUC": 1.101546,
        "EURCUP": 29.19097,
        "EURCVE": 110.686629,
        "EURCZK": 24.261112,
        "EURDJF": 196.212147,
        "EURDKK": 7.45143,
        "EURDOP": 62.40906,
        "EURDZD": 149.521663,
        "EUREGP": 34.06542,
        "EURERN": 16.52319,
        "EURETB": 60.762541,
        "EURFJD": 2.463829,
        "EURFKP": 0.866383,
        "EURGBP": 0.863447,
        "EURGEL": 2.869464,
        "EURGGP": 0.866383,
        "EURGHS": 12.302864,
        "EURGIP": 0.866383,
        "EURGMD": 66.538317,
        "EURGNF": 9477.910228,
        "EURGTQ": 8.666011,
        "EURGYD": 230.69878,
        "EURHKD": 8.610394,
        "EURHNL": 27.10341,
        "EURHRK": 7.40664,
        "EURHTG": 150.430333,
        "EURHUF": 386.778104,
        "EURIDR": 16730.280949,
        "EURILS": 4.081327,
        "EURIMP": 0.866383,
        "EURINR": 91.231695,
        "EURIQD": 1454.339886,
        "EURIRR": 46609.177144,
        "EURISK": 144.292098,
        "EURJEP": 0.866383,
        "EURJMD": 170.149026,
        "EURJOD": 0.780002,
        "EURJPY": 158.378104,
        "EURKES": 158.127161,
        "EURKGS": 96.792826,
        "EURKHR": 4556.18269,
        "EURKMF": 495.502901,
        "EURKPW": 991.353363,
        "EURKRW": 1447.916074,
        "EURKWD": 0.33866,
        "EURKYD": 0.918198,
        "EURKZT": 491.401853,
        "EURLAK": 21413.568775,
        "EURLBP": 16538.398228,
        "EURLKR": 351.549124,
        "EURLRD": 205.656331,
        "EURLSL": 20.596675,
        "EURLTL": 3.252579,
        "EURLVL": 0.666314,
        "EURLYD": 5.280048,
        "EURMAD": 10.713209,
        "EURMDL": 19.529392,
        "EURMGA": 4901.561016,
        "EURMKD": 61.855621,
        "EURMMK": 2314.214495,
        "EURMNT": 3812.967403,
        "EURMOP": 8.872296,
        "EURMRO": 393.25174,
        "EURMUR": 49.788874,
        "EURMVR": 16.908799,
        "EURMWK": 1195.270051,
        "EURMXN": 18.802291,
        "EURMYR": 5.036816,
        "EURMZN": 69.672651,
        "EURNAD": 20.599351,
        "EURNGN": 840.600434,
        "EURNIO": 40.320912,
        "EURNOK": 11.22021,
        "EURNPR": 146.061223,
        "EURNZD": 1.815226,
        "EUROMR": 0.424087,
        "EURPAB": 1.101797,
        "EURPEN": 4.080644,
        "EURPGK": 3.952811,
        "EURPHP": 61.938275,
        "EURPKR": 316.773596,
        "EURPLN": 4.46308,
        "EURPYG": 7998.885426,
        "EURQAR": 4.010717,
        "EURRON": 4.943959,
        "EURRSD": 117.2805,
        "EURRUB": 107.111578,
        "EURRWF": 1298.98395,
        "EURSAR": 4.133026,
        "EURSBD": 9.218604,
        "EURSCR": 14.646543,
        "EURSDG": 662.184993,
        "EURSEK": 11.724542,
        "EURSGD": 1.482725,
        "EURSHP": 1.340306,
        "EURSLE": 23.220779,
        "EURSLL": 21755.534123,
        "EURSOS": 627.331084,
        "EURSRD": 42.268459,
        "EURSTD": 22799.778598,
        "EURSSP": 662.579702,
        "EURSYP": 14430.252705,
        "EURSZL": 20.933541,
        "EURTHB": 38.61745,
        "EURTJS": 12.103505,
        "EURTMT": 3.855411,
        "EURTND": 3.4024,
        "EURTOP": 2.611432,
        "EURTRY": 29.78581,
        "EURTTD": 7.472464,
        "EURTWD": 34.965824,
        "EURTZS": 2748.357549,
        "EURUAH": 40.699322,
        "EURUGX": 4027.340987,
        "EURUSD": 1.101546,
        "EURUYU": 41.949796,
        "EURUZS": 12852.959619,
        "EURVEF": 3421306.683111,
        "EURVES": 33.119738,
        "EURVND": 26156.761014,
        "EURVUV": 132.439729,
        "EURWST": 3.034954,
        "EURXAF": 658.585264,
        "EURXAG": 0.048282,
        "EURXAU": 0.000574,
        "EURXCD": 2.976984,
        "EURXDR": 0.82429,
        "EURXOF": 658.582263,
        "EURXPF": 120.233618,
        "EURYER": 275.771885,
        "EURZAR": 20.736929,
        "EURZMK": 9915.239967,
        "EURZMW": 20.800823,
        "EURZWL": 354.697369
    }
}
