{
    "success": true,
    "timestamp": 1691844423,
    "source": "EUR",
    "quotes": {
        "EURAED": 4.026998,
        "EURAFN": 92.482921,
        "EURALL": 103.792055,
        "EURAMD": 426.367363,
        "EURANG": 1.981148,
        "EURAOA": 904.502417,
        "EURARS": 314.58242,
        "EURAUD": 1.686486,
        "EURAWG": 1.9762,
        "EURAZN": 1.868175,
        "EURBAM": 1.95565,
        "EURBBD": 2.21953,
        "EURBDT": 120.32079,
        "EURBGN": 1.95565,
        "EURBHD": 0.414368,
        "EURBIF": 3115.461523,
        "EURBMD": 1.096366,
        "EURBND": 1.484086,
        "EURBOB": 7.596419,
        "EURBRL": 5.378688,
        "EURBSD": 1.099216,
        "EURBTC": 3.7233284e-05,
        "EURBTN": 91.079128,
        "EURBWP": 14.834864,
        "EURBYN": 2.774688,
        "EURBYR": 21488.775113,
        "EURBZD": 2.21583,
        "EURCAD": 1.473462,
        "EURCDF": 2675.133625,
        "EURCHF": 0.961372,
        "EURCLF": 0.033723,
        "EURCLP": 930.518772,
        "EURCNY": 7.933967,
        "EURCOP": 4343.267539,
        "EURCRC": 588.254971,
        "EURCUC": 1.096366,
        "EURCUP": 29.053701,
        "EURCVE": 110.25656,
        "EURCZK": 24.094513,
        "EURDJF": 195.725018,
        "EURDKK": 7.461653,
        "EURDOP": 62.385225,
        "EURDZD": 149.040435,
        "EUREGP": 33.9673,
        "EURERN": 16.445491,
        "EURETB": 60.626259,
        "EURFJD": 2.461566,
        "EURFKP": 0.86379,
        "EURGBP": 0.863688,
        "EURGEL": 2.856078,
        "EURGGP": 0.86379,
        "EURGHS": 12.28406,
        "EURGIP": 0.86379,
        "EURGMD": 66.224736,
        "EURGNF": 9448.276769,
        "EURGTQ": 8.646338,
        "EURGYD": 229.982396,
        "EURHKD": 8.571007,
        "EURHNL": 27.03993,
        "EURHRK": 7.371811,
        "EURHTG": 150.048514,
        "EURHUF": 383.750479,
        "EURIDR": 16800.220403,
        "EURILS": 4.086709,
        "EURIMP": 0.86379,
        "EURINR": 90.950857,
        "EURIQD": 1439.789789,
        "EURIRR": 46389.993829,
        "EURISK": 144.943779,
        "EURJEP": 0.86379,
        "EURJMD": 169.946991,
        "EURJOD": 0.776012,
        "EURJPY": 158.86897,
        "EURKES": 156.318034,
        "EURKGS": 96.502564,
        "EURKHR": 4544.652124,
        "EURKMF": 493.172914,
        "EURKPW": 986.707632,
        "EURKRW": 1458.828859,
        "EURKWD": 0.337265,
        "EURKYD": 0.91603,
        "EURKZT": 491.022414,
        "EURLAK": 21367.364407,
        "EURLBP": 16500.736929,
        "EURLKR": 352.882988,
        "EURLRD": 204.695685,
        "EURLSL": 20.506181,
        "EURLTL": 3.237284,
        "EURLVL": 0.663181,
        "EURLYD": 5.271596,
        "EURMAD": 10.742178,
        "EURMDL": 19.374517,
        "EURMGA": 4954.620742,
        "EURMKD": 61.615284,
        "EURMMK": 2308.423299,
        "EURMNT": 3790.742518,
        "EURMOP": 8.850323,
        "EURMRO": 391.402501,
        "EURMUR": 49.559851,
        "EURMVR": 16.829634,
        "EURMWK": 1193.00868,
        "EURMXN": 18.652371,
        "EURMYR": 5.029074,
        "EURMZN": 69.345568,
        "EURNAD": 20.506134,
        "EURNGN": 843.328873,
        "EURNIO": 40.216922,
        "EURNOK": 11.432252,
        "EURNPR": 145.726845,
        "EURNZD": 1.831857,
        "EUROMR": 0.422143,
        "EURPAB": 1.099316,
        "EURPEN": 4.031691,
        "EURPGK": 3.994694,
        "EURPHP": 61.991283,
        "EURPKR": 317.028233,
        "EURPLN": 4.441012,
        "EURPYG": 7987.388595,
        "EURQAR": 3.991911,
        "EURRON": 4.946846,
        "EURRSD": 117.261024,
        "EURRUB": 109.631168,
        "EURRWF": 1297.000719,
        "EURSAR": 4.113526,
        "EURSBD": 9.175254,
        "EURSCR": 14.610216,
        "EURSDG": 659.347746,
        "EURSEK": 11.850663,
        "EURSGD": 1.482401,
        "EURSHP": 1.334004,
        "EURSLE": 23.946425,
        "EURSLL": 21653.230396,
        "EURSOS": 624.384499,
        "EURSRD": 41.908635,
        "EURSTD": 22692.564244,
        "EURSSP": 659.468206,
        "EURSYP": 14362.126262,
        "EURSZL": 20.703415,
        "EURTHB": 38.449963,
        "EURTJS": 12.053477,
        "EURTMT": 3.837281,
        "EURTND": 3.386401,
        "EURTOP": 2.600964,
        "EURTRY": 29.687515,
        "EURTTD": 7.461429,
        "EURTWD": 34.983401,
        "EURTZS": 2753.689215,
        "EURUAH": 40.597492,
        "EURUGX": 4100.686108,
        "EURUSD": 1.096366,
        "EURUYU": 41.736805,
        "EURUZS": 13273.983925,
        "EURVEF": 3433270.83167,
        "EURVES": 32.963995,
        "EURVND": 26049.657995,
        "EURVUV": 132.252171,
        "EURWST": 3.026002,
        "EURXAF": 655.906793,
        "EURXAG": 0.04832,
        "EURXAU": 0.000573,
        "EURXCD": 2.962985,
        "EURXDR": 0.822237,
        "EURXOF": 655.906793,
        "EURXPF": 119.668756,
        "EURYER": 274.475646,
        "EURZAR": 20.7789,
        "EURZMK": 9868.614269,
        "EURZMW": 20.963395,
        "EURZWL": 353.02943
    }
}
